CUSTOMER;XCOORD;YCOORD;DEMAND
1;45.96185;9.48839;12
2;46.04247;9.75783;13
3;45.9767;10.07397;4
4;46.02437;10.0144;3
5;45.97216;9.96527;7
6;46.00854;10.16354;14
7;45.8864;10.09187;6
8;45.93136;10.08434;11
9;45.78389;9.75608;12
10;45.9849;9.71943;2
11;45.8824;9.77693;3
12;45.92231;9.58228;2
13;45.82079;9.79811;4
14;45.95756;9.82459;4
15;45.7976;9.52964;3
