FACILITY;XCOORD;YCOORD
A;45.8719;9.65397
B;45.889;9.91917
C;45.90737;10.03455
D;45.73153;9.72567
E;45.82182;9.59426
F;45.82008;9.85896
